{
    "bowl": {
        "classic": {
            "low": {
                "cpu": 0.0848921561133236,
                "gpu": 0.10888535347223852
            },
            "high": {
                "cpu": 0.06827823857520232,
                "gpu": 0.18760007280641866
            }
        },
        "deep": {
            "low": {
                "cpu": 0.056440824952140964,
                "gpu": 0.07932493069685156
            },
            "high": {
                "cpu": 0.043787593627860666,
                "gpu": 0.04579171778500937
            }
        }
    },
    "orange": {
        "classic": {
            "low": {
                "cpu": 0.05107882041868356,
                "gpu": 0.04981156523781825
            },
            "high": {
                "cpu": 0.04671640915961715,
                "gpu": 0.053221970526280096
            }
        },
        "deep": {
            "low": {
                "cpu": 0.08431314810550489,
                "gpu": 0.05965342016911218
            },
            "high": {
                "cpu": 0.061689708108021865,
                "gpu": 0.05411445816280222
            }
        }
    },
    "teddybear": {
        "classic": {
            "low": {
                "cpu": 0.07518569737651531,
                "gpu": 0.05434424547579859
            },
            "high": {
                "cpu": 0.0801885834880792,
                "gpu": 0.09282108988883406
            }
        },
        "deep": {
            "low": {
                "cpu": 0.08824487519073007,
                "gpu": 0.07054462083261036
            },
            "high": {
                "cpu": 0.03887705502806757,
                "gpu": 0.08760631444288791
            }
        }
    }
}